title,URL
목숨을 건 복수 <스트러글>,https://comic.naver.comhttps://comic.naver.com/webtoon/list.nhn?titleId=758674
싸움독학-58화 : 회전의 천재,https://comic.naver.com/webtoon/detail.nhn?titleId=736277&no=58
독립일기-49화 응급실 실려가서 수술받은 썰 푼다 (3),https://comic.naver.com/webtoon/detail.nhn?titleId=748105&no=50
이번 생도 잘 부탁해-29화,https://comic.naver.com/webtoon/detail.nhn?titleId=746858&no=29
맘마미안-73화,https://comic.naver.com/webtoon/detail.nhn?titleId=729326&no=73
입학용병-7화,https://comic.naver.com/webtoon/detail.nhn?titleId=758150&no=8
소녀재판-38화,https://comic.naver.com/webtoon/detail.nhn?titleId=743838&no=38
열렙전사-2부 74화 - 기가 VS 제 1 마왕자 (3),https://comic.naver.com/webtoon/detail.nhn?titleId=670152&no=257
곱게 키웠더니 짐승-5화,https://comic.naver.com/webtoon/detail.nhn?titleId=761104&no=5
인어를 위한 수영교실-82화,https://comic.naver.com/webtoon/detail.nhn?titleId=728900&no=82
오로지 너를 이기고 싶어-77화,https://comic.naver.com/webtoon/detail.nhn?titleId=730657&no=77
다이스(DICE)-STAGE 357 Hand (1),https://comic.naver.com/webtoon/detail.nhn?titleId=557676&no=366
독립일기-49화 응급실 실려가서 수술받은 썰 푼다 (3),https://comic.naver.com/webtoon/detail.nhn?titleId=748105&no=50
곱게 키웠더니 짐승-5화,https://comic.naver.com/webtoon/detail.nhn?titleId=761104&no=5
"라커, 오프너-3화 : 사실의 상실_2",https://comic.naver.com/webtoon/detail.nhn?titleId=761514&no=3
평행도시-11장 (4)_상처,https://comic.naver.com/webtoon/detail.nhn?titleId=730607&no=59
경비 배두만-28화,https://comic.naver.com/webtoon/detail.nhn?titleId=744384&no=29
인어를 위한 수영교실-82화,https://comic.naver.com/webtoon/detail.nhn?titleId=728900&no=82
"두근두근 연극부-3화. 소년이여, 꿈을 가져라!",https://comic.naver.com/webtoon/detail.nhn?titleId=758663&no=3
열렙전사-2부 74화 - 기가 VS 제 1 마왕자 (3),https://comic.naver.com/webtoon/detail.nhn?titleId=670152&no=257
닥터앤닥터 육아일기-138. 버킷리스트 1,https://comic.naver.com/webtoon/detail.nhn?titleId=732955&no=138
